,trip_duration_days,miles_traveled,total_receipts_amount,reimbursement
count,750.0,750.0,750.0,750.0
mean,7.026666666666666,584.6826533333333,1189.2045866666665,1337.3818133333334
std,3.8723742844695317,355.5013729158016,741.7713506471409,474.0257155141164
min,1.0,5.0,1.42,117.24
25%,4.0,262.0,511.3075,991.23
50%,7.0,603.5,1152.955,1447.3200000000002
75%,10.0,885.5,1853.06,1704.945
max,14.0,1204.0,2503.46,2337.73
