model,mae,rmse,exact_pct,close_pct
mean,391.5755028266667,459.6234989042176,0.0,0.0
linear_regression,144.7080805092294,181.12505641783068,0.0,0.4
