model,train_mae,test_mae,test_exact_pct,test_close_pct
Simple Average,389.6698870044444,391.5755028266667,0.0,0.0
Linear Regression,180.03296306524217,161.32981930981498,0.0,0.4
Business Rules,894.0370855999998,970.29726,0.0,0.0
Ridge Regression,14.103941498936061,39.28963557974176,0.0,0.0
Lasso Regression,2.0475464337242117,46.05849845398145,0.0,0.0
